type,level,instances,detected,median_ttd_cycles,moving_det,static_det
T1,A0,72,72,0.0,40/40,32/32
T1,A1,72,72,0.0,39/39,33/33
T1,A2,72,72,0.0,39/39,33/33
T1,A3,71,55,2.0,30/44,25/27
T1,A4,71,45,2.0,22/44,23/27
T2,A0,72,72,0.0,0/0,72/72
T2,A1,72,72,0.0,0/0,72/72
T2,A2,72,72,0.0,0/0,72/72
T2,A3,72,72,2.0,0/0,72/72
T2,A4,72,72,2.0,0/0,72/72
T3,A0,72,72,0.0,72/72,0/0
T3,A1,70,70,0.0,70/70,0/0
T3,A2,70,70,0.0,70/70,0/0
T3,A3,70,60,14.0,60/70,0/0
T3,A4,72,30,7.0,30/72,0/0
T4,A0,47,47,0.0,47/47,0/0
T4,A1,47,47,0.0,47/47,0/0
T4,A2,47,34,11.0,34/47,0/0
T4,A3,47,32,11.0,32/47,0/0
T4,A4,47,32,11.0,32/47,0/0
